"PhoneID","PhoneType","ContactID","AreaCode","Number"
1,"Cell",67,100,4404512
2,"Cell",70,101,6584163
3,"Cell",376,101,7491722
4,"Cell",228,102,8966692
5,"Cell",139,104,8327245
6,"Cell",974,106,4562187
7,"Cell",798,108,4220748
8,"Cell",645,111,9278581
9,"Cell",599,111,7938014
10,"Cell",142,112,3372438
11,"Cell",347,113,2411349
12,"Cell",502,117,7479474
13,"Cell",14,119,1872885
14,"Cell",722,119,7294765
15,"Cell",124,122,9391039
16,"Cell",688,122,7721670
17,"Cell",613,124,2167599
18,"Cell",977,125,6556551
19,"Cell",910,125,3028196
20,"Cell",983,125,5555586
21,"Cell",239,126,1910637
22,"Cell",417,126,9608267
23,"Cell",702,127,2119811
24,"Cell",474,129,9956104
25,"Cell",853,131,1556846
26,"Cell",122,131,2778084
27,"Cell",530,131,4549471
28,"Cell",584,131,6391104
29,"Cell",760,131,3171518
30,"Cell",327,132,9067999
31,"Cell",131,133,8489230
32,"Cell",893,133,5399549
33,"Cell",965,133,7291440
34,"Cell",816,135,5692811
35,"Cell",933,135,8573539
36,"Cell",254,138,6634933
37,"Cell",783,139,7771175
38,"Cell",282,141,9273011
39,"Cell",234,143,2685227
40,"Cell",83,143,1787457
41,"Cell",351,143,4067688
42,"Cell",144,144,9140254
43,"Cell",514,144,6849231
44,"Cell",470,146,3008184
45,"Cell",160,146,1610751
46,"Cell",779,146,8261049
47,"Cell",449,149,3584766
48,"Cell",628,152,1592780
49,"Cell",732,154,3280392
50,"Cell",426,155,9274964
51,"Cell",515,155,8592860
52,"Cell",755,156,9904734
53,"Cell",988,158,7914110
54,"Cell",596,158,4520388
55,"Cell",899,158,4798009
56,"Cell",346,159,3528021
57,"Cell",957,160,9148157
58,"Cell",791,160,4189351
59,"Cell",396,160,5819197
60,"Cell",908,160,1942393
61,"Cell",476,161,2235730
62,"Cell",904,162,5917297
63,"Cell",52,162,3268857
64,"Cell",360,162,5795330
65,"Cell",411,162,6719486
66,"Cell",394,163,7518660
67,"Cell",478,163,1199054
68,"Cell",536,164,1952433
69,"Cell",102,166,2007628
70,"Cell",525,168,6001777
71,"Cell",186,168,7037031
72,"Cell",44,169,8002074
73,"Cell",671,174,2941074
74,"Cell",547,175,8855598
75,"Cell",677,176,3144811
76,"Cell",847,177,6250466
77,"Cell",408,178,7000270
78,"Cell",387,178,4976381
79,"Cell",565,179,8789463
80,"Cell",561,181,7819784
81,"Cell",543,182,3133105
82,"Cell",217,182,5128309
83,"Cell",643,182,7339114
84,"Cell",666,184,2237933
85,"Cell",896,185,7384858
86,"Cell",212,185,8412524
87,"Cell",927,188,3644360
88,"Cell",290,189,1582552
89,"Cell",542,189,9464134
90,"Cell",24,189,1445588
91,"Cell",75,189,3770787
92,"Cell",7,191,1163345
93,"Cell",268,191,5938795
94,"Cell",169,193,9183861
95,"Cell",381,193,2530563
96,"Cell",557,193,4696202
97,"Cell",828,193,7690070
98,"Cell",280,197,3728782
99,"Cell",154,197,2491733
100,"Cell",155,198,5248591
101,"Cell",361,198,6645457
102,"Cell",493,198,3530171
103,"Cell",763,200,5262666
104,"Cell",687,201,5419001
105,"Cell",533,202,8627214
106,"Cell",649,203,4314947
107,"Cell",588,205,2732823
108,"Cell",617,205,7695463
109,"Cell",849,206,6017607
110,"Cell",452,207,3563286
111,"Cell",227,211,2906618
112,"Cell",795,212,9733833
113,"Cell",955,213,7799815
114,"Cell",247,214,1033750
115,"Cell",842,215,2177070
116,"Cell",692,215,1804077
117,"Cell",879,219,8034889
118,"Cell",993,220,9111306
119,"Cell",901,221,6136514
120,"Cell",48,222,1741536
121,"Cell",310,223,7467737
122,"Cell",198,223,1451656
123,"Cell",329,224,5242233
124,"Cell",579,226,2039541
125,"Cell",117,226,6077620
126,"Cell",316,226,2684925
127,"Cell",567,226,8299439
128,"Cell",328,227,9922900
129,"Cell",84,228,6143022
130,"Cell",127,229,6715474
131,"Cell",421,229,1413801
132,"Cell",840,231,5922682
133,"Cell",571,232,9542721
134,"Cell",695,233,8350822
135,"Cell",583,236,8821672
136,"Cell",865,237,6778793
137,"Cell",277,237,3130579
138,"Cell",420,237,1580791
139,"Cell",407,239,1861659
140,"Cell",101,240,2496997
141,"Cell",441,240,6984944
142,"Cell",477,243,8709923
143,"Cell",647,243,4758168
144,"Cell",192,245,1169013
145,"Cell",433,245,8659040
146,"Cell",551,245,2805114
147,"Cell",364,246,1747624
148,"Cell",620,246,3146200
149,"Cell",758,246,7092158
150,"Cell",319,247,1366714
151,"Cell",640,247,8648753
152,"Cell",898,247,8524696
153,"Cell",881,248,2951132
154,"Cell",15,249,7365705
155,"Cell",718,253,8190347
156,"Cell",916,254,4318674
157,"Cell",90,257,3996959
158,"Cell",334,258,2635860
159,"Cell",665,258,8901612
160,"Cell",792,259,2093551
161,"Cell",195,260,4459289
162,"Cell",597,260,8973964
163,"Cell",405,264,8359479
164,"Cell",796,267,9287637
165,"Cell",92,268,9101288
166,"Cell",605,269,1734766
167,"Cell",680,269,4273689
168,"Cell",556,270,5004689
169,"Cell",672,270,3807807
170,"Cell",469,271,6203459
171,"Cell",958,272,3674116
172,"Cell",594,273,2119574
173,"Cell",992,273,7281271
174,"Cell",276,274,2158958
175,"Cell",402,274,9105493
176,"Cell",996,275,4775499
177,"Cell",244,275,7861915
178,"Cell",129,277,2345144
179,"Cell",445,278,4509238
180,"Cell",839,278,6281248
181,"Cell",487,279,9157881
182,"Cell",630,280,5930508
183,"Cell",79,280,8594236
184,"Cell",989,281,4918104
185,"Cell",111,282,6401972
186,"Cell",676,283,5199469
187,"Cell",651,283,8890953
188,"Cell",699,283,7557709
189,"Cell",128,288,6741492
190,"Cell",2,288,3807105
191,"Cell",519,289,4902307
192,"Cell",537,289,5466050
193,"Cell",560,290,2394431
194,"Cell",1,290,9077947
195,"Cell",118,291,6986261
196,"Cell",243,293,2187670
197,"Cell",784,294,2348775
198,"Cell",656,294,2573187
199,"Cell",578,298,9785587
200,"Cell",271,299,7093929
201,"Cell",794,301,9471348
202,"Cell",851,301,1675280
203,"Cell",769,301,7808939
204,"Cell",800,304,6214618
205,"Cell",143,305,6557088
206,"Cell",920,306,8934925
207,"Cell",856,306,3024597
208,"Cell",704,307,7589076
209,"Cell",49,307,4342713
210,"Cell",827,307,7104260
211,"Cell",82,307,2312915
212,"Cell",61,307,4035816
213,"Cell",936,307,6953290
214,"Cell",11,308,6697144
215,"Cell",22,310,5171998
216,"Cell",925,310,5613883
217,"Cell",659,311,8479441
218,"Cell",356,313,3651151
219,"Cell",170,314,7461446
220,"Cell",921,315,3453420
221,"Cell",985,315,7274644
222,"Cell",895,316,7224796
223,"Cell",65,317,2291546
224,"Cell",403,317,3715353
225,"Cell",193,318,9451954
226,"Cell",767,318,4073334
227,"Cell",413,319,2429453
228,"Cell",817,320,3447502
229,"Cell",375,321,5605572
230,"Cell",663,322,2200314
231,"Cell",576,322,5295730
232,"Cell",885,322,2126474
233,"Cell",51,323,7616593
234,"Cell",615,323,3608000
235,"Cell",281,330,8604567
236,"Cell",450,331,6722921
237,"Cell",886,332,9098747
238,"Cell",884,333,6967735
239,"Cell",385,334,4972608
240,"Cell",829,334,5950964
241,"Cell",284,335,4644346
242,"Cell",790,336,4499484
243,"Cell",811,336,5312531
244,"Cell",258,337,3654743
245,"Cell",415,337,7573696
246,"Cell",501,338,5452457
247,"Cell",251,338,5841868
248,"Cell",947,338,9613558
249,"Cell",416,339,6075392
250,"Cell",880,340,7496640
251,"Cell",409,341,2094793
252,"Cell",897,342,4994819
253,"Cell",668,343,4516744
254,"Cell",685,343,9433323
255,"Cell",505,346,8972782
256,"Cell",735,346,5019702
257,"Cell",423,349,4305535
258,"Cell",675,350,8410515
259,"Cell",944,350,7730890
260,"Cell",559,354,5286045
261,"Cell",569,354,5029009
262,"Cell",500,356,5765645
263,"Cell",26,356,5755406
264,"Cell",934,357,2464169
265,"Cell",553,358,4819889
266,"Cell",854,359,7471907
267,"Cell",429,359,1288195
268,"Cell",781,360,9540551
269,"Cell",774,361,7131548
270,"Cell",99,361,2908534
271,"Cell",868,362,8115120
272,"Cell",3,364,4509367
273,"Cell",625,365,5328461
274,"Cell",255,365,1028995
275,"Cell",822,365,9212424
276,"Cell",399,367,6537536
277,"Cell",521,367,9149091
278,"Cell",632,367,4933539
279,"Cell",57,368,3938119
280,"Cell",872,369,4957039
281,"Cell",714,371,6997087
282,"Cell",621,374,4417592
283,"Cell",492,375,4070598
284,"Cell",54,377,1432037
285,"Cell",63,378,8736862
286,"Cell",926,379,4465516
287,"Cell",98,379,4266392
288,"Cell",703,381,7472286
289,"Cell",850,381,8383680
290,"Cell",459,383,6131514
291,"Cell",294,384,3252018
292,"Cell",451,384,8662152
293,"Cell",125,385,1722304
294,"Cell",859,388,5967894
295,"Cell",309,389,6491101
296,"Cell",486,392,5812335
297,"Cell",488,398,8793327
298,"Cell",236,398,1370658
299,"Cell",150,399,4103150
300,"Cell",728,400,6327435
301,"Cell",45,400,2176129
302,"Cell",103,402,7494109
303,"Cell",30,402,5231467
304,"Cell",249,403,2139920
305,"Cell",970,404,9170949
306,"Cell",301,405,8042708
307,"Cell",821,405,2940354
308,"Cell",678,406,8055023
309,"Cell",580,407,9443765
310,"Cell",50,407,6079732
311,"Cell",484,407,2943291
312,"Cell",662,407,2626721
313,"Cell",683,409,4170486
314,"Cell",86,411,9308847
315,"Cell",520,411,4622089
316,"Cell",4,412,4626473
317,"Cell",20,412,8981462
318,"Cell",490,412,8731963
319,"Cell",701,414,1119268
320,"Cell",712,415,7612375
321,"Cell",460,416,2092963
322,"Cell",814,417,9395637
323,"Cell",968,417,8114669
324,"Cell",875,418,6798335
325,"Cell",289,419,1895639
326,"Cell",113,419,7542728
327,"Cell",166,420,7142964
328,"Cell",516,421,8295450
329,"Cell",736,422,6409616
330,"Cell",179,423,2570444
331,"Cell",622,424,4557802
332,"Cell",862,425,6104193
333,"Cell",18,426,3714648
334,"Cell",335,426,3474674
335,"Cell",448,426,9335180
336,"Cell",634,426,3307105
337,"Cell",226,429,4802032
338,"Cell",942,430,4080373
339,"Cell",644,431,4493115
340,"Cell",830,433,5323375
341,"Cell",812,433,8293574
342,"Cell",369,435,5381508
343,"Cell",464,435,6652796
344,"Cell",546,435,9805496
345,"Cell",121,437,9082846
346,"Cell",77,438,1454987
347,"Cell",458,438,6003714
348,"Cell",446,441,5723400
349,"Cell",793,442,7767096
350,"Cell",288,442,1293594
351,"Cell",297,443,1244418
352,"Cell",60,444,7780071
353,"Cell",658,444,8540708
354,"Cell",483,446,6633234
355,"Cell",766,446,4171884
356,"Cell",392,447,3815940
357,"Cell",832,447,2612908
358,"Cell",918,449,6562670
359,"Cell",374,450,8355005
360,"Cell",298,450,8639437
361,"Cell",307,450,5841311
362,"Cell",922,450,4908847
363,"Cell",201,451,5769876
364,"Cell",491,452,9672050
365,"Cell",379,453,6765952
366,"Cell",318,453,6512782
367,"Cell",442,454,2126861
368,"Cell",531,455,4434902
369,"Cell",342,455,2203403
370,"Cell",313,457,9913698
371,"Cell",626,463,9024296
372,"Cell",36,465,4087447
373,"Cell",801,465,8859521
374,"Cell",332,467,1120628
375,"Cell",389,467,1697052
376,"Cell",177,467,1446719
377,"Cell",940,470,7885580
378,"Cell",998,470,4182608
379,"Cell",873,471,4830862
380,"Cell",777,471,3993025
381,"Cell",485,472,6764057
382,"Cell",928,473,8015006
383,"Cell",366,474,1025611
384,"Cell",574,475,7598362
385,"Cell",734,475,5160015
386,"Cell",465,476,2461194
387,"Cell",861,476,5481102
388,"Cell",513,477,2806150
389,"Cell",888,482,6968869
390,"Cell",558,485,5098914
391,"Cell",762,485,3040029
392,"Cell",116,487,6265314
393,"Cell",742,488,8517113
394,"Cell",190,488,7134507
395,"Cell",511,488,3588606
396,"Cell",88,489,2982101
397,"Cell",706,493,4746204
398,"Cell",575,495,7178160
399,"Cell",950,496,8423379
400,"Cell",73,496,3208616
401,"Cell",412,497,4857292
402,"Cell",710,499,5213027
403,"Cell",990,499,7111417
404,"Cell",903,501,9637323
405,"Cell",949,501,9401523
406,"Cell",135,502,2721989
407,"Cell",161,503,2527641
408,"Cell",171,506,6114114
409,"Cell",68,509,9298692
410,"Cell",962,510,5072668
411,"Cell",869,510,4413400
412,"Cell",991,511,9073315
413,"Cell",269,512,9991443
414,"Cell",655,513,7111607
415,"Cell",566,515,9083850
416,"Cell",110,517,7749742
417,"Cell",835,518,9282083
418,"Cell",39,518,5539464
419,"Cell",609,519,7745168
420,"Cell",789,519,7083846
421,"Cell",838,519,8058817
422,"Cell",295,520,9857906
423,"Cell",286,521,3412069
424,"Cell",788,521,8604447
425,"Cell",941,522,5327632
426,"Cell",367,523,4325820
427,"Cell",343,524,4062881
428,"Cell",906,525,7861129
429,"Cell",35,525,8590181
430,"Cell",527,527,6738144
431,"Cell",532,530,6159871
432,"Cell",581,530,9394107
433,"Cell",506,531,2125264
434,"Cell",475,532,2934334
435,"Cell",833,532,6902012
436,"Cell",975,537,9873004
437,"Cell",627,537,4499605
438,"Cell",178,537,5633945
439,"Cell",743,538,7897767
440,"Cell",191,538,5872812
441,"Cell",523,538,1368119
442,"Cell",275,539,6956956
443,"Cell",207,540,3899303
444,"Cell",635,540,2003639
445,"Cell",28,541,9548647
446,"Cell",263,541,7944309
447,"Cell",686,542,3806173
448,"Cell",887,543,7100843
449,"Cell",188,544,2543783
450,"Cell",13,544,4998217
451,"Cell",302,544,5817584
452,"Cell",158,547,6515152
453,"Cell",843,548,4441321
454,"Cell",340,549,8714053
455,"Cell",216,551,4978817
456,"Cell",611,553,6049124
457,"Cell",181,554,9086180
458,"Cell",34,554,3633910
459,"Cell",383,556,2590832
460,"Cell",197,558,7034938
461,"Cell",971,559,2901726
462,"Cell",966,560,5407010
463,"Cell",311,560,9104461
464,"Cell",444,560,3016536
465,"Cell",172,561,7583885
466,"Cell",378,561,4322555
467,"Cell",434,561,5045497
468,"Cell",314,562,6171312
469,"Cell",400,562,4325661
470,"Cell",729,562,1517702
471,"Cell",748,562,6970174
472,"Cell",494,566,1441490
473,"Cell",746,566,4519884
474,"Cell",384,568,4378548
475,"Cell",473,570,1234717
476,"Cell",471,571,7823790
477,"Cell",867,572,7858740
478,"Cell",756,572,8726675
479,"Cell",753,573,7582931
480,"Cell",333,573,8442927
481,"Cell",669,575,8372710
482,"Cell",388,577,5098589
483,"Cell",349,577,1527587
484,"Cell",130,577,5804053
485,"Cell",331,577,6895045
486,"Cell",608,577,9762774
487,"Cell",173,581,3711114
488,"Cell",618,581,3920541
489,"Cell",16,582,5871230
490,"Cell",568,582,1887155
491,"Cell",858,583,1757708
492,"Cell",108,584,5390112
493,"Cell",468,584,4845052
494,"Cell",610,584,7244248
495,"Cell",964,584,6233883
496,"Cell",146,586,3866331
497,"Cell",804,586,5226792
498,"Cell",312,588,8602305
499,"Cell",700,589,2416333
500,"Cell",293,590,5663682
501,"Cell",660,590,4447984
502,"Cell",819,590,7256958
503,"Cell",711,592,3739842
504,"Cell",725,592,7738920
505,"Cell",507,594,7977349
506,"Cell",938,596,5020473
507,"Cell",552,599,7006909
508,"Cell",359,601,1516193
509,"Cell",747,601,1422316
510,"Cell",963,603,6618661
511,"Cell",308,605,4135142
512,"Cell",224,606,6375623
513,"Cell",350,609,3396336
514,"Cell",174,610,5201894
515,"Cell",167,610,4999732
516,"Cell",845,610,2989312
517,"Cell",750,611,2070976
518,"Cell",427,612,7519073
519,"Cell",106,612,9785732
520,"Cell",602,612,9752427
521,"Cell",220,614,9511081
522,"Cell",892,615,6602876
523,"Cell",74,615,4359965
524,"Cell",182,616,8438555
525,"Cell",115,617,2020077
526,"Cell",250,617,9888180
527,"Cell",698,617,1865787
528,"Cell",270,618,3618546
529,"Cell",259,618,9861477
530,"Cell",382,618,2934632
531,"Cell",935,618,8507109
532,"Cell",652,622,7520843
533,"Cell",690,623,4403069
534,"Cell",759,623,1293133
535,"Cell",21,623,3976741
536,"Cell",997,626,2305244
537,"Cell",776,626,2880290
538,"Cell",27,628,4517727
539,"Cell",432,628,4717410
540,"Cell",954,630,1761993
541,"Cell",836,630,4054842
542,"Cell",986,630,9565252
543,"Cell",681,633,4962564
544,"Cell",684,634,8324961
545,"Cell",924,634,3584269
546,"Cell",508,635,5939994
547,"Cell",62,635,8152497
548,"Cell",454,635,9140041
549,"Cell",667,636,4425293
550,"Cell",322,637,7153867
551,"Cell",598,637,6500978
552,"Cell",891,638,7546103
553,"Cell",112,643,4984183
554,"Cell",979,643,1019733
555,"Cell",242,645,6889829
556,"Cell",368,645,2803041
557,"Cell",600,647,1331410
558,"Cell",639,649,2811047
559,"Cell",912,650,3726354
560,"Cell",549,652,4642372
561,"Cell",430,652,3112308
562,"Cell",196,653,1998225
563,"Cell",365,653,6494641
564,"Cell",517,654,9691212
565,"Cell",462,654,8219595
566,"Cell",730,657,2970002
567,"Cell",503,657,1297689
568,"Cell",183,658,4286437
569,"Cell",587,658,2344773
570,"Cell",802,659,3009914
571,"Cell",834,662,2881945
572,"Cell",206,664,5654203
573,"Cell",629,665,8633496
574,"Cell",341,666,1163670
575,"Cell",81,666,5222333
576,"Cell",497,666,6372262
577,"Cell",185,668,6957537
578,"Cell",109,669,6589712
579,"Cell",210,671,4201296
580,"Cell",837,672,1983035
581,"Cell",380,673,4627333
582,"Cell",238,675,5603320
583,"Cell",585,675,7706272
584,"Cell",555,676,1074163
585,"Cell",436,676,2981608
586,"Cell",498,677,6384228
587,"Cell",586,677,2875171
588,"Cell",852,678,7568685
589,"Cell",241,678,9414232
590,"Cell",623,679,1196948
591,"Cell",55,680,9968963
592,"Cell",353,680,7708684
593,"Cell",689,681,7585432
594,"Cell",456,681,8849486
595,"Cell",391,682,3364639
596,"Cell",870,683,8439184
597,"Cell",395,684,8087643
598,"Cell",952,684,4239257
599,"Cell",619,685,5630088
600,"Cell",823,685,7943792
601,"Cell",326,685,8937026
602,"Cell",336,689,7246341
603,"Cell",354,689,1025464
604,"Cell",260,690,6298142
605,"Cell",94,690,1060283
606,"Cell",951,692,6684655
607,"Cell",246,693,1262725
608,"Cell",299,695,5640734
609,"Cell",805,695,4641164
610,"Cell",915,695,4265891
611,"Cell",945,697,5167673
612,"Cell",509,699,1896305
613,"Cell",321,699,7053475
614,"Cell",771,699,8964652
615,"Cell",809,700,5255413
616,"Cell",438,700,7227992
617,"Cell",107,701,1671893
618,"Cell",544,703,4300243
619,"Cell",40,704,2311831
620,"Cell",797,704,4485776
621,"Cell",824,704,7015716
622,"Cell",876,704,1353954
623,"Cell",806,705,1514680
624,"Cell",1000,706,8069461
625,"Cell",96,707,1375452
626,"Cell",443,707,8225697
627,"Cell",900,708,5805566
628,"Cell",10,710,1600835
629,"Cell",495,710,2278087
630,"Cell",345,711,7281673
631,"Cell",194,711,2628273
632,"Cell",831,712,1919859
633,"Cell",6,712,8217924
634,"Cell",715,712,7483983
635,"Cell",548,713,3734369
636,"Cell",980,713,5947295
637,"Cell",633,714,2321586
638,"Cell",878,714,1658456
639,"Cell",540,715,3682670
640,"Cell",373,716,6169811
641,"Cell",917,716,9629064
642,"Cell",883,716,9686727
643,"Cell",697,717,8773925
644,"Cell",612,718,1327090
645,"Cell",727,720,6706376
646,"Cell",650,722,6061802
647,"Cell",959,722,2257767
648,"Cell",58,725,4582600
649,"Cell",593,726,5610259
650,"Cell",961,727,7178575
651,"Cell",204,728,1708971
652,"Cell",601,729,5289115
653,"Cell",272,730,1161243
654,"Cell",225,731,9279782
655,"Cell",953,732,3927165
656,"Cell",447,732,2805706
657,"Cell",737,732,6079193
658,"Cell",522,733,2716746
659,"Cell",937,733,5364162
660,"Cell",431,733,5566269
661,"Cell",147,733,2148237
662,"Cell",5,734,9435823
663,"Cell",592,736,3647316
664,"Cell",716,737,4583193
665,"Cell",235,737,4084838
666,"Cell",306,737,3481304
667,"Cell",641,737,2324132
668,"Cell",738,738,8344899
669,"Cell",237,738,2904244
670,"Cell",902,738,4148729
671,"Cell",348,739,7265173
672,"Cell",393,739,3704832
673,"Cell",89,739,2460573
674,"Cell",582,739,8160099
675,"Cell",524,739,9819312
676,"Cell",786,740,6507982
677,"Cell",200,741,4052893
678,"Cell",554,741,8046153
679,"Cell",19,741,6295167
680,"Cell",126,742,5974893
681,"Cell",457,743,3644750
682,"Cell",731,743,9689698
683,"Cell",330,747,3034705
684,"Cell",358,748,8187221
685,"Cell",939,751,3141091
686,"Cell",577,752,3836580
687,"Cell",818,753,1715682
688,"Cell",754,753,9221251
689,"Cell",401,757,4251137
690,"Cell",266,760,3002633
691,"Cell",604,760,8896313
692,"Cell",344,762,6822323
693,"Cell",218,762,1502499
694,"Cell",787,762,3657049
695,"Cell",877,762,8949374
696,"Cell",994,764,2282895
697,"Cell",889,764,6887211
698,"Cell",603,764,4136459
699,"Cell",785,765,8193904
700,"Cell",624,765,8005698
701,"Cell",439,766,6031114
702,"Cell",240,768,8440424
703,"Cell",482,769,7409664
704,"Cell",739,769,5839706
705,"Cell",534,770,2825502
706,"Cell",264,770,4536125
707,"Cell",72,770,8738706
708,"Cell",287,770,6473761
709,"Cell",914,771,8120449
710,"Cell",440,771,6928893
711,"Cell",589,771,8680578
712,"Cell",670,771,9699250
713,"Cell",140,772,4503153
714,"Cell",646,773,4734110
715,"Cell",97,773,4296976
716,"Cell",726,773,9707769
717,"Cell",199,774,8960810
718,"Cell",772,774,7363169
719,"Cell",919,775,8490874
720,"Cell",642,776,8325177
721,"Cell",815,777,6920874
722,"Cell",539,777,2383165
723,"Cell",720,778,7055374
724,"Cell",248,780,3196348
725,"Cell",337,780,3331752
726,"Cell",64,781,2565626
727,"Cell",145,781,6329220
728,"Cell",386,781,7680396
729,"Cell",372,785,1088544
730,"Cell",757,785,1716879
731,"Cell",479,786,7317679
732,"Cell",807,786,6631035
733,"Cell",595,788,9650073
734,"Cell",229,788,2628232
735,"Cell",157,788,8394995
736,"Cell",279,788,3629821
737,"Cell",463,789,6709179
738,"Cell",285,789,5134253
739,"Cell",855,790,8587895
740,"Cell",535,790,3113319
741,"Cell",960,791,1622031
742,"Cell",56,791,3188485
743,"Cell",23,793,5966729
744,"Cell",363,794,8353721
745,"Cell",761,795,8886145
746,"Cell",257,795,3494693
747,"Cell",78,797,5038595
748,"Cell",274,797,1287381
749,"Cell",472,798,7973341
750,"Cell",562,798,8739529
751,"Cell",221,799,9456690
752,"Cell",764,799,5858288
753,"Cell",682,801,9953628
754,"Cell",541,801,5675147
755,"Cell",923,802,7918423
756,"Cell",489,804,5326828
757,"Cell",338,805,7291391
758,"Cell",946,805,5976743
759,"Cell",496,806,1059954
760,"Cell",397,807,5092962
761,"Cell",296,807,4661622
762,"Cell",984,808,8240672
763,"Cell",317,808,1841996
764,"Cell",205,809,2516239
765,"Cell",418,809,5830617
766,"Cell",231,811,3942997
767,"Cell",390,814,3278268
768,"Cell",956,814,7572525
769,"Cell",165,815,6808501
770,"Cell",162,815,7800862
771,"Cell",410,817,7744659
772,"Cell",848,819,2167409
773,"Cell",152,819,4925695
774,"Cell",37,819,6937538
775,"Cell",105,820,3501800
776,"Cell",120,820,8026458
777,"Cell",132,822,3930078
778,"Cell",214,824,4652005
779,"Cell",572,826,2974157
780,"Cell",138,827,6810172
781,"Cell",913,830,4303997
782,"Cell",708,831,7993385
783,"Cell",638,832,7502254
784,"Cell",860,832,8169702
785,"Cell",545,833,6580432
786,"Cell",17,833,4208697
787,"Cell",87,833,3301202
788,"Cell",91,834,5284867
789,"Cell",664,834,5370203
790,"Cell",741,836,2475742
791,"Cell",104,836,4784999
792,"Cell",707,836,2126365
793,"Cell",422,839,7943611
794,"Cell",66,840,1470576
795,"Cell",202,841,6604138
796,"Cell",151,842,6858134
797,"Cell",256,842,2079733
798,"Cell",134,843,4511791
799,"Cell",653,845,1710555
800,"Cell",773,846,7667200
801,"Cell",85,846,4111941
802,"Cell",504,846,8809400
803,"Cell",538,848,3311605
804,"Cell",232,849,6959335
805,"Cell",223,849,3838591
806,"Cell",890,850,1683428
807,"Cell",466,850,5275802
808,"Cell",657,850,1130655
809,"Cell",467,853,6696031
810,"Cell",820,856,3980578
811,"Cell",32,857,3539811
812,"Cell",995,860,3124413
813,"Cell",717,864,7141199
814,"Cell",606,864,3766906
815,"Cell",300,866,1093257
816,"Cell",168,867,9532674
817,"Cell",745,869,6058648
818,"Cell",419,870,2699664
819,"Cell",752,871,7917851
820,"Cell",528,871,8734280
821,"Cell",987,871,5100110
822,"Cell",265,872,1174352
823,"Cell",909,873,5116075
824,"Cell",253,874,6330543
825,"Cell",570,874,5611064
826,"Cell",932,876,8314057
827,"Cell",733,877,9393738
828,"Cell",499,879,6393102
829,"Cell",654,879,4196928
830,"Cell",114,882,2244712
831,"Cell",9,882,8704125
832,"Cell",973,882,7891124
833,"Cell",156,883,6982435
834,"Cell",41,884,5025285
835,"Cell",674,885,3360223
836,"Cell",208,885,5917975
837,"Cell",164,885,5792681
838,"Cell",765,886,7021908
839,"Cell",362,888,5774006
840,"Cell",721,889,7913642
841,"Cell",136,889,2611340
842,"Cell",53,890,4546783
843,"Cell",12,890,1657394
844,"Cell",406,890,9093556
845,"Cell",425,892,6066875
846,"Cell",453,893,9212595
847,"Cell",512,893,9580205
848,"Cell",724,893,9914691
849,"Cell",180,894,6514980
850,"Cell",133,895,5471737
851,"Cell",637,895,8760800
852,"Cell",209,896,6210151
853,"Cell",245,896,3178751
854,"Cell",119,897,4433157
855,"Cell",424,899,5224338
856,"Cell",631,900,5641292
857,"Cell",693,900,1620415
858,"Cell",905,901,1269300
859,"Cell",616,901,2563152
860,"Cell",826,903,5384006
861,"Cell",825,904,4883281
862,"Cell",211,905,4420240
863,"Cell",278,907,9133698
864,"Cell",29,907,4642719
865,"Cell",740,908,9465348
866,"Cell",47,911,9801743
867,"Cell",325,913,2275857
868,"Cell",780,913,2605908
869,"Cell",799,916,4978573
870,"Cell",982,916,9954675
871,"Cell",273,917,5811409
872,"Cell",874,918,9671567
873,"Cell",184,918,7892332
874,"Cell",315,918,8496310
875,"Cell",857,920,9547865
876,"Cell",203,921,3354238
877,"Cell",529,925,9423489
878,"Cell",808,925,1505049
879,"Cell",352,926,4577170
880,"Cell",153,927,2695557
881,"Cell",751,927,3933874
882,"Cell",844,927,4200428
883,"Cell",267,928,2801718
884,"Cell",69,928,2528876
885,"Cell",907,928,9022194
886,"Cell",33,929,6509987
887,"Cell",713,929,2042594
888,"Cell",573,930,8198669
889,"Cell",123,931,3806036
890,"Cell",810,932,4786742
891,"Cell",694,932,9129931
892,"Cell",324,933,2577616
893,"Cell",709,933,2451342
894,"Cell",357,934,1934966
895,"Cell",339,939,6930069
896,"Cell",607,939,2313713
897,"Cell",481,942,3220366
898,"Cell",233,943,8293863
899,"Cell",187,943,8836641
900,"Cell",292,943,6574652
901,"Cell",648,944,5582647
902,"Cell",455,945,6883394
903,"Cell",38,945,8784565
904,"Cell",370,948,7700844
905,"Cell",59,949,6025775
906,"Cell",189,949,2199822
907,"Cell",261,950,6757647
908,"Cell",866,950,9297243
909,"Cell",252,952,8729308
910,"Cell",999,952,9764138
911,"Cell",978,953,6344168
912,"Cell",305,954,5600159
913,"Cell",304,954,7046957
914,"Cell",371,954,4372927
915,"Cell",215,955,3309591
916,"Cell",948,958,8560549
917,"Cell",590,958,4204603
918,"Cell",696,959,9964686
919,"Cell",563,962,4821935
920,"Cell",222,962,9922250
921,"Cell",691,962,7039002
922,"Cell",864,962,6735830
923,"Cell",813,963,9708330
924,"Cell",93,963,1626782
925,"Cell",841,963,9646693
926,"Cell",768,964,7262215
927,"Cell",719,965,3693080
928,"Cell",76,966,9640179
929,"Cell",163,967,3198287
930,"Cell",510,968,2773614
931,"Cell",778,968,2082262
932,"Cell",863,968,5386158
933,"Cell",148,969,1083880
934,"Cell",723,970,8193933
935,"Cell",95,970,7958180
936,"Cell",230,972,7328421
937,"Cell",770,972,9375922
938,"Cell",969,975,9521919
939,"Cell",213,975,5923460
940,"Cell",43,975,8870855
941,"Cell",435,978,4616856
942,"Cell",31,982,1037006
943,"Cell",931,982,9898369
944,"Cell",137,983,2417115
945,"Cell",564,984,4984524
946,"Cell",981,984,3354433
947,"Cell",518,985,7956001
948,"Cell",614,985,8351578
949,"Cell",100,989,8336141
950,"Cell",930,991,3009095
951,"Cell",46,991,6811755
952,"Cell",283,991,3485899
953,"Cell",176,992,5635331
954,"Cell",967,993,2280137
955,"Cell",175,994,1895386
956,"Cell",437,994,9031104
957,"Cell",8,995,5689111
958,"Cell",80,995,9040328
959,"Cell",972,996,4637162
960,"Cell",320,996,2396282
961,"Cell",882,999,9165458
962,"Work",996,100,7183343
963,"Work",439,100,2311817
964,"Work",636,100,6611518
965,"Work",748,100,5519931
966,"Home",953,101,9100766
967,"Work",851,101,8548404
968,"Home",278,102,4726185
969,"Work",610,102,1408293
970,"Home",322,106,3208656
971,"Work",104,106,8376086
972,"Work",250,106,9200104
973,"Home",854,108,5143652
974,"Home",887,109,8817428
975,"Work",245,109,4412458
976,"Work",907,110,1712404
977,"Work",116,110,2639113
978,"Work",54,112,2975716
979,"Work",436,112,3542818
980,"Home",328,113,8337850
981,"Home",561,113,9848287
982,"Home",752,113,2430751
983,"Home",324,114,1092699
984,"Home",330,115,4079844
985,"Work",379,115,1212435
986,"Work",563,115,3707575
987,"Work",796,115,1825549
988,"Work",934,117,4592460
989,"Home",179,118,9922961
990,"Home",975,118,8086105
991,"Work",646,119,1424923
992,"Home",175,120,4696580
993,"Home",310,120,8676346
994,"Home",482,121,9349403
995,"Home",996,121,7132260
996,"Home",958,122,8060688
997,"Work",924,122,1431477
998,"Home",534,124,7239834
999,"Home",853,126,3416977
1000,"Work",210,126,1845686
1001,"Home",491,128,3209244
1002,"Work",897,129,2480082
1003,"Home",22,130,4938381
1004,"Work",129,130,5751451
1005,"Home",211,131,5547673
1006,"Home",765,131,2396896
1007,"Work",775,131,2744339
1008,"Work",798,131,1639605
1009,"Home",314,132,3524939
1010,"Home",909,132,4810108
1011,"Home",572,133,6484677
1012,"Work",192,133,9474353
1013,"Work",406,134,5489619
1014,"Home",264,135,7937070
1015,"Work",518,135,8204074
1016,"Work",22,136,2099292
1017,"Work",463,137,9986889
1018,"Home",496,138,6487465
1019,"Work",593,138,1933944
1020,"Home",424,139,7153022
1021,"Work",413,140,1600913
1022,"Home",967,141,4695864
1023,"Work",951,141,3630839
1024,"Work",112,141,6027456
1025,"Work",295,141,3280941
1026,"Work",451,141,9359216
1027,"Home",339,142,2848389
1028,"Work",19,143,2160318
1029,"Home",281,144,7951499
1030,"Home",871,145,5060145
1031,"Work",18,145,2374249
1032,"Work",252,146,7782020
1033,"Work",446,147,8875649
1034,"Work",432,149,6826017
1035,"Home",290,150,5803358
1036,"Work",326,150,2037396
1037,"Work",787,151,8022646
1038,"Work",858,153,2173714
1039,"Work",965,153,8544154
1040,"Home",33,154,6700891
1041,"Home",548,154,6874059
1042,"Home",900,154,4817732
1043,"Work",868,154,6101051
1044,"Home",188,156,9861385
1045,"Work",492,158,1409215
1046,"Work",364,159,6807922
1047,"Home",874,161,6036586
1048,"Work",784,161,5170954
1049,"Work",177,162,6608196
1050,"Home",446,164,8385185
1051,"Home",472,164,3807212
1052,"Home",609,164,2230877
1053,"Home",984,164,1201050
1054,"Home",108,166,5133272
1055,"Home",488,166,6316630
1056,"Home",573,166,2507186
1057,"Work",420,166,9899371
1058,"Home",470,170,9389058
1059,"Home",598,170,5567855
1060,"Work",66,170,4430516
1061,"Work",353,170,4559776
1062,"Work",39,171,5869880
1063,"Work",826,172,4593393
1064,"Work",74,173,4806540
1065,"Work",800,173,5850760
1066,"Home",323,175,1398966
1067,"Home",742,175,1762824
1068,"Work",5,175,8969475
1069,"Work",204,177,7121163
1070,"Work",556,178,5689297
1071,"Work",205,179,8467624
1072,"Work",902,179,1428780
1073,"Home",914,180,2463349
1074,"Work",736,181,3475668
1075,"Work",431,184,5683761
1076,"Work",658,184,2622570
1077,"Work",332,185,1912451
1078,"Home",334,186,4079924
1079,"Home",63,188,4508080
1080,"Work",624,188,4292865
1081,"Home",977,189,9433809
1082,"Work",621,190,4408826
1083,"Home",817,191,4751188
1084,"Work",651,191,2906834
1085,"Work",344,192,7129675
1086,"Home",220,193,4742547
1087,"Home",988,194,8705733
1088,"Work",24,194,5146250
1089,"Home",135,195,5912761
1090,"Home",457,195,8347955
1091,"Work",964,195,8291027
1092,"Home",682,196,2913176
1093,"Work",243,196,9634204
1094,"Work",760,198,6273502
1095,"Home",435,199,5848576
1096,"Home",960,201,3061291
1097,"Work",522,201,1567465
1098,"Work",377,201,3984375
1099,"Home",510,202,7830750
1100,"Home",562,202,9538690
1101,"Work",247,202,1381150
1102,"Home",128,204,1369355
1103,"Home",385,204,1198973
1104,"Home",679,205,8619844
1105,"Work",491,205,8677790
1106,"Work",264,205,3245139
1107,"Home",649,206,9637826
1108,"Home",704,206,4114699
1109,"Work",434,206,5966259
1110,"Home",232,209,8565568
1111,"Home",358,209,5352702
1112,"Work",357,209,3698056
1113,"Home",945,210,1803931
1114,"Work",639,210,9568721
1115,"Work",92,211,3373346
1116,"Home",262,212,3636520
1117,"Home",429,212,2411047
1118,"Work",813,212,3575802
1119,"Work",521,212,3588470
1120,"Home",467,214,3526381
1121,"Work",97,214,8757894
1122,"Home",543,215,1281209
1123,"Home",242,216,2198508
1124,"Home",252,216,1284604
1125,"Home",803,216,1629865
1126,"Work",613,216,6020444
1127,"Home",209,217,3578603
1128,"Home",794,218,7003506
1129,"Work",827,218,5668321
1130,"Work",285,218,3064059
1131,"Work",106,219,9992565
1132,"Home",793,221,3094868
1133,"Work",53,221,9046120
1134,"Work",549,221,1537818
1135,"Home",122,222,3579889
1136,"Work",900,222,8342561
1137,"Work",504,222,4280051
1138,"Work",132,223,2193564
1139,"Home",142,224,6280332
1140,"Home",332,225,8689797
1141,"Home",269,226,7680943
1142,"Work",256,226,9908334
1143,"Work",229,230,4175878
1144,"Work",62,230,1839892
1145,"Home",659,231,2794678
1146,"Work",918,232,6876979
1147,"Home",663,233,1681541
1148,"Home",23,234,7823406
1149,"Home",857,235,1036400
1150,"Work",477,235,1863222
1151,"Home",972,236,7161495
1152,"Work",46,238,8547937
1153,"Work",428,238,3508604
1154,"Work",908,241,3164084
1155,"Work",218,242,8872472
1156,"Work",818,244,3572839
1157,"Work",16,246,7518770
1158,"Work",894,247,7264817
1159,"Work",213,248,1925921
1160,"Home",619,249,7099202
1161,"Work",551,251,8773283
1162,"Work",152,252,2868767
1163,"Work",265,254,1864625
1164,"Work",441,254,9730667
1165,"Work",927,254,3067137
1166,"Home",284,255,7514399
1167,"Work",184,255,2952018
1168,"Home",519,256,8746101
1169,"Work",260,257,1265945
1170,"Home",77,258,9602550
1171,"Work",625,259,8377467
1172,"Home",271,260,2529568
1173,"Work",399,260,3120545
1174,"Work",81,262,1011866
1175,"Work",583,262,9776146
1176,"Home",576,263,2104517
1177,"Work",495,263,5179014
1178,"Work",749,263,6747139
1179,"Home",181,264,2664036
1180,"Home",578,264,5492023
1181,"Home",835,264,8625184
1182,"Work",461,264,1495605
1183,"Home",389,265,8315801
1184,"Home",359,266,2639469
1185,"Work",993,266,4238899
1186,"Work",145,268,3902705
1187,"Work",405,269,3451175
1188,"Work",501,270,9361024
1189,"Home",712,272,1336169
1190,"Work",185,272,4757047
1191,"Work",839,272,3410221
1192,"Work",888,273,1756814
1193,"Home",810,274,9910736
1194,"Work",284,275,4596375
1195,"Home",427,277,8946191
1196,"Work",188,277,2757948
1197,"Work",13,278,9000285
1198,"Home",738,279,8845244
1199,"Home",39,280,3456777
1200,"Work",875,280,4448902
1201,"Work",241,281,1133567
1202,"Work",947,281,1637057
1203,"Home",842,283,3182108
1204,"Work",704,284,2340042
1205,"Work",615,284,3009216
1206,"Home",410,286,1874570
1207,"Work",701,287,7842258
1208,"Home",518,288,6150105
1209,"Work",162,289,4719015
1210,"Work",998,290,4238165
1211,"Work",131,291,6456297
1212,"Work",891,291,4956448
1213,"Work",849,292,1161054
1214,"Home",630,294,6582004
1215,"Work",876,295,5789581
1216,"Work",165,297,6627654
1217,"Work",71,298,5188826
1218,"Work",325,299,3923863
1219,"Work",673,302,7864295
1220,"Work",781,302,3108598
1221,"Work",291,303,6872112
1222,"Home",684,304,7054385
1223,"Work",666,304,5531314
1224,"Home",210,305,5059304
1225,"Home",731,305,2373915
1226,"Home",890,305,6462294
1227,"Work",516,306,7482425
1228,"Work",957,308,8535308
1229,"Work",277,309,7871028
1230,"Home",823,310,3113404
1231,"Work",573,310,2760552
1232,"Home",997,311,3454648
1233,"Work",719,311,5599990
1234,"Home",542,313,5265569
1235,"Home",710,313,8741285
1236,"Home",906,314,6746210
1237,"Work",186,314,5834688
1238,"Work",42,315,3069566
1239,"Home",904,316,6616134
1240,"Work",675,316,8102478
1241,"Home",5,317,7560975
1242,"Work",440,317,9037792
1243,"Home",153,319,2309127
1244,"Work",731,319,2159511
1245,"Home",966,320,3241739
1246,"Work",558,320,1445636
1247,"Work",376,320,3785745
1248,"Work",371,322,2935214
1249,"Home",57,324,3191885
1250,"Work",523,325,9438882
1251,"Work",155,326,4664626
1252,"Work",1000,327,1010402
1253,"Home",848,330,1135710
1254,"Work",994,330,7929306
1255,"Work",806,331,1052795
1256,"Home",962,333,4042278
1257,"Home",814,335,6516531
1258,"Work",488,335,8293422
1259,"Work",650,335,6554840
1260,"Home",336,337,9947403
1261,"Home",802,337,7435462
1262,"Work",874,337,5870981
1263,"Work",160,337,2195406
1264,"Home",558,338,9713228
1265,"Work",873,338,5062497
1266,"Home",588,340,8523223
1267,"Work",25,342,6442961
1268,"Work",661,343,7330736
1269,"Work",207,345,9213286
1270,"Home",348,346,2446524
1271,"Work",984,346,1772480
1272,"Home",172,347,8744660
1273,"Home",248,352,6170424
1274,"Home",629,354,4718412
1275,"Work",569,354,7373709
1276,"Work",842,355,5634878
1277,"Work",367,355,7443975
1278,"Work",828,356,5985553
1279,"Work",95,357,5499858
1280,"Home",70,359,3109403
1281,"Home",719,359,4714507
1282,"Home",954,359,8992375
1283,"Home",239,360,2613677
1284,"Home",150,361,8572319
1285,"Work",191,361,8419483
1286,"Work",288,361,2154638
1287,"Home",728,362,7028075
1288,"Work",319,362,2770473
1289,"Work",792,363,5919833
1290,"Work",910,363,3670385
1291,"Work",194,363,2415864
1292,"Work",409,363,8997487
1293,"Work",314,364,8397318
1294,"Work",183,364,6508064
1295,"Work",448,364,3403725
1296,"Work",649,365,9279690
1297,"Work",592,365,8882710
1298,"Work",486,368,7113336
1299,"Home",103,369,2382038
1300,"Work",607,369,5558732
1301,"Work",69,370,2025960
1302,"Work",853,373,8296128
1303,"Home",690,374,1728318
1304,"Work",576,374,9278236
1305,"Work",647,376,9145367
1306,"Work",713,377,5363273
1307,"Home",55,378,6821902
1308,"Work",656,379,6259619
1309,"Work",438,383,4737913
1310,"Home",200,384,6812575
1311,"Work",630,384,5669537
1312,"Work",799,386,6717528
1313,"Work",93,386,1681195
1314,"Home",24,387,9952640
1315,"Home",29,388,4887596
1316,"Work",456,388,4813001
1317,"Home",721,390,8952549
1318,"Work",374,390,8426160
1319,"Work",397,391,2349494
1320,"Work",56,391,1938566
1321,"Home",253,393,9336921
1322,"Home",129,395,8152605
1323,"Home",739,395,7563515
1324,"Work",742,395,2883413
1325,"Work",547,395,5782184
1326,"Work",196,396,3789449
1327,"Work",812,396,8661865
1328,"Home",501,397,7966693
1329,"Home",813,397,2160932
1330,"Work",366,398,7374833
1331,"Home",792,399,3608637
1332,"Home",957,400,9049947
1333,"Home",312,402,7717293
1334,"Work",99,402,7792874
1335,"Work",768,402,6516655
1336,"Home",350,405,3479722
1337,"Work",330,405,7466553
1338,"Work",535,406,7145478
1339,"Work",417,407,3681194
1340,"Home",879,408,7890878
1341,"Work",845,408,2092742
1342,"Home",185,409,4927295
1343,"Work",568,409,9167452
1344,"Work",309,410,7824597
1345,"Work",914,411,2059343
1346,"Work",315,411,3872270
1347,"Home",595,413,5318434
1348,"Home",885,413,8499432
1349,"Home",689,415,3259256
1350,"Home",716,415,3990433
1351,"Work",978,415,3918624
1352,"Home",308,416,9678297
1353,"Home",325,416,5279411
1354,"Home",452,416,5139185
1355,"Work",65,416,8798878
1356,"Work",224,417,4877198
1357,"Work",700,418,8756867
1358,"Work",729,418,6821742
1359,"Work",752,420,9028960
1360,"Work",345,420,5533770
1361,"Home",593,421,8313543
1362,"Home",601,421,1972033
1363,"Work",585,421,8868330
1364,"Home",205,422,1668360
1365,"Work",484,423,7375515
1366,"Home",675,425,9846018
1367,"Work",890,425,6496990
1368,"Work",50,425,1973858
1369,"Work",552,427,5392916
1370,"Home",930,428,4327721
1371,"Home",455,429,1831898
1372,"Home",669,429,3513856
1373,"Work",930,429,5642215
1374,"Work",58,430,5086482
1375,"Work",356,430,8131811
1376,"Work",460,430,8158673
1377,"Home",741,432,9432237
1378,"Work",863,434,7341027
1379,"Home",195,435,4976117
1380,"Work",763,436,4822868
1381,"Home",46,438,5588607
1382,"Home",532,438,2423353
1383,"Home",267,439,6122673
1384,"Home",393,440,2898057
1385,"Work",588,440,5496823
1386,"Home",2,441,5572835
1387,"Work",429,442,1440201
1388,"Home",114,443,5901681
1389,"Home",282,443,2119294
1390,"Home",849,443,1235572
1391,"Work",390,443,3346477
1392,"Home",976,444,8072663
1393,"Work",809,445,4632036
1394,"Home",522,446,8784707
1395,"Home",784,446,1589664
1396,"Work",835,446,9713511
1397,"Home",183,448,8754499
1398,"Home",341,448,9933474
1399,"Home",10,449,9717759
1400,"Home",426,449,2531352
1401,"Home",177,450,9623731
1402,"Work",190,451,2125486
1403,"Work",400,452,4899350
1404,"Home",49,453,2220717
1405,"Home",14,454,7308259
1406,"Home",89,454,1929694
1407,"Home",516,454,7314647
1408,"Home",829,454,6087736
1409,"Work",391,454,4882348
1410,"Home",686,455,2438795
1411,"Work",61,455,4632077
1412,"Home",995,456,5377814
1413,"Work",710,456,5743485
1414,"Home",969,457,8902399
1415,"Work",292,459,8648915
1416,"Home",53,462,8453036
1417,"Home",555,462,3748922
1418,"Work",803,463,1834657
1419,"Work",586,463,1691702
1420,"Home",700,464,8247570
1421,"Work",626,464,3412474
1422,"Home",531,465,6682750
1423,"Work",912,465,2522566
1424,"Home",733,467,3862020
1425,"Home",818,467,7093343
1426,"Home",500,470,7979418
1427,"Work",322,470,3477202
1428,"Work",336,470,7664449
1429,"Work",121,470,1917272
1430,"Work",648,470,5776907
1431,"Work",840,471,1941796
1432,"Home",479,472,2325210
1433,"Home",655,472,9576298
1434,"Home",730,473,8520193
1435,"Home",151,474,2644928
1436,"Work",937,474,3458269
1437,"Work",946,474,6114311
1438,"Work",976,475,5047773
1439,"Work",913,476,2846613
1440,"Home",867,480,3992911
1441,"Work",695,480,5304680
1442,"Home",463,483,7617372
1443,"Home",305,484,2756972
1444,"Work",407,485,8164440
1445,"Home",645,487,1238854
1446,"Work",737,487,4759225
1447,"Home",705,488,9999988
1448,"Work",7,491,5477293
1449,"Work",257,492,3322085
1450,"Work",536,492,2991126
1451,"Work",766,492,1919580
1452,"Work",811,492,2032282
1453,"Home",865,493,6142925
1454,"Work",181,497,1612807
1455,"Home",233,498,9160531
1456,"Work",920,498,5011581
1457,"Home",505,499,5088416
1458,"Home",397,500,1591166
1459,"Work",267,503,7316441
1460,"Work",261,503,7217245
1461,"Home",627,504,3520892
1462,"Work",108,504,7025753
1463,"Work",32,504,3370116
1464,"Work",804,504,4877687
1465,"Home",165,505,5625213
1466,"Work",312,505,5312951
1467,"Home",674,506,2153265
1468,"Work",114,508,4810030
1469,"Work",444,508,7824142
1470,"Home",487,509,5214735
1471,"Work",657,509,4517131
1472,"Work",961,509,3261544
1473,"Home",570,510,5091271
1474,"Work",974,510,8812776
1475,"Home",852,511,1224019
1476,"Home",836,512,1443570
1477,"Home",884,513,2131327
1478,"Work",801,513,9685046
1479,"Work",949,513,5906081
1480,"Home",96,514,1863739
1481,"Work",869,515,5983351
1482,"Work",297,516,7597808
1483,"Home",320,517,4848461
1484,"Work",289,517,7335398
1485,"Work",788,517,1429744
1486,"Work",716,519,5396640
1487,"Work",662,519,7658448
1488,"Home",208,521,3903859
1489,"Work",903,521,6315872
1490,"Work",83,522,1111653
1491,"Work",728,523,2841173
1492,"Work",590,523,2743133
1493,"Home",289,524,2309991
1494,"Home",723,526,7392732
1495,"Work",278,526,6913663
1496,"Home",124,527,9995145
1497,"Work",686,528,5559675
1498,"Home",703,533,4302247
1499,"Work",814,533,7396596
1500,"Home",468,534,1548618
1501,"Work",242,535,2388834
1502,"Work",834,535,5145330
1503,"Home",951,536,9034795
1504,"Work",324,536,5968574
1505,"Home",581,537,7367621
1506,"Home",346,538,7356171
1507,"Home",530,538,7030206
1508,"Work",111,538,5488954
1509,"Home",156,539,8705632
1510,"Work",575,540,4126074
1511,"Home",198,541,9729215
1512,"Home",882,541,6683252
1513,"Home",579,543,3887040
1514,"Work",819,543,7815916
1515,"Work",497,544,7722234
1516,"Work",283,545,3602357
1517,"Work",365,546,2774408
1518,"Home",204,547,6047582
1519,"Home",869,547,4462676
1520,"Home",40,549,8824758
1521,"Work",214,549,7417424
1522,"Work",844,549,6142514
1523,"Home",751,550,7824535
1524,"Work",730,550,5707649
1525,"Work",197,550,6600455
1526,"Home",47,551,5396647
1527,"Home",815,551,1538333
1528,"Home",549,553,5213453
1529,"Work",971,554,2909935
1530,"Home",921,555,6653833
1531,"Work",871,555,9966608
1532,"Work",383,555,6016156
1533,"Home",553,558,2067434
1534,"Work",389,560,4278364
1535,"Work",465,560,5333577
1536,"Home",256,563,8984407
1537,"Work",354,563,5088755
1538,"Home",717,565,7001642
1539,"Work",47,565,5301901
1540,"Home",52,567,1350102
1541,"Home",465,567,7701111
1542,"Work",921,567,2428553
1543,"Work",28,567,1374078
1544,"Work",396,567,6010882
1545,"Work",679,569,8282353
1546,"Work",706,569,2568237
1547,"Work",821,569,4089837
1548,"Work",985,569,4118436
1549,"Home",219,570,3262552
1550,"Work",424,570,8959983
1551,"Work",931,570,5958540
1552,"Home",554,571,2223859
1553,"Work",118,571,4967077
1554,"Work",120,571,4917267
1555,"Work",591,572,6650771
1556,"Work",953,575,7806421
1557,"Work",63,575,7013295
1558,"Work",738,575,8318442
1559,"Home",676,576,8484382
1560,"Work",867,577,3860520
1561,"Work",419,579,2347739
1562,"Work",282,580,1586597
1563,"Work",154,580,5795910
1564,"Home",38,581,5102303
1565,"Home",364,582,7496687
1566,"Home",855,582,3151074
1567,"Work",350,583,5060181
1568,"Work",231,584,5144430
1569,"Home",743,585,6722449
1570,"Work",645,585,8847792
1571,"Work",831,585,4709801
1572,"Work",688,587,9623774
1573,"Work",761,587,9385724
1574,"Work",227,587,9110972
1575,"Work",272,588,6541271
1576,"Home",303,590,8599229
1577,"Work",437,591,8842691
1578,"Home",192,593,8720141
1579,"Home",258,593,5204976
1580,"Home",140,594,1008807
1581,"Home",391,594,9575867
1582,"Home",146,596,5946343
1583,"Home",375,596,8475055
1584,"Work",954,596,3354027
1585,"Home",994,597,8967953
1586,"Work",200,599,4797143
1587,"Work",754,599,2623891
1588,"Home",158,600,2581532
1589,"Home",599,600,4512532
1590,"Work",848,601,4645787
1591,"Home",133,603,3789604
1592,"Work",980,603,2661070
1593,"Home",666,604,8298721
1594,"Work",88,604,5452282
1595,"Work",499,604,8744819
1596,"Work",29,605,4621975
1597,"Home",266,607,9459621
1598,"Work",35,607,1150976
1599,"Work",279,607,3484886
1600,"Work",616,609,3978181
1601,"Work",421,609,8219967
1602,"Work",443,609,7986342
1603,"Home",905,610,8497960
1604,"Work",77,610,3940372
1605,"Home",430,611,5860987
1606,"Home",625,611,4614174
1607,"Home",789,611,9497678
1608,"Home",974,611,4739520
1609,"Home",577,612,2044153
1610,"Work",339,612,2229943
1611,"Work",928,612,7655005
1612,"Home",291,614,4662418
1613,"Home",646,615,1520368
1614,"Work",581,615,4087705
1615,"Work",743,615,2912936
1616,"Home",191,616,4082685
1617,"Home",809,616,8746016
1618,"Home",597,617,4813465
1619,"Home",830,617,7890523
1620,"Home",616,618,7969938
1621,"Work",843,618,9611432
1622,"Home",254,619,9851726
1623,"Work",470,619,7062111
1624,"Work",637,619,8133510
1625,"Work",725,619,3771740
1626,"Home",149,620,3175161
1627,"Work",203,620,8468310
1628,"Work",751,621,2824315
1629,"Work",475,622,7442732
1630,"Home",582,623,6772825
1631,"Work",923,624,6693214
1632,"Work",388,625,5977748
1633,"Home",978,627,8508581
1634,"Home",203,628,9614631
1635,"Home",16,629,4384169
1636,"Work",612,630,8166545
1637,"Home",775,636,7483132
1638,"Work",485,636,2152441
1639,"Work",316,636,8434437
1640,"Work",771,636,9384380
1641,"Home",447,637,3062368
1642,"Work",660,637,4877892
1643,"Home",196,638,2287039
1644,"Home",773,638,2017276
1645,"Work",320,640,4277474
1646,"Work",825,641,6427666
1647,"Home",245,643,5814018
1648,"Home",732,643,6172212
1649,"Work",712,644,6970806
1650,"Work",989,644,1848850
1651,"Home",722,645,2368045
1652,"Work",130,645,8830748
1653,"Work",263,645,2207767
1654,"Work",797,645,4578243
1655,"Home",66,647,3255036
1656,"Home",347,647,1274086
1657,"Home",408,648,5714202
1658,"Home",492,648,2447436
1659,"Work",862,649,2934621
1660,"Work",404,650,9801375
1661,"Home",753,651,3989878
1662,"Work",905,651,9545706
1663,"Work",31,651,7939301
1664,"Work",632,652,4647873
1665,"Home",229,653,7180691
1666,"Work",911,654,9300410
1667,"Home",35,656,8949957
1668,"Home",139,657,6650989
1669,"Home",509,657,5108911
1670,"Home",968,657,9761268
1671,"Work",148,657,1780570
1672,"Work",313,658,3105747
1673,"Home",202,660,2236277
1674,"Work",153,660,8617324
1675,"Home",620,661,6923911
1676,"Home",785,665,8265055
1677,"Work",410,665,4313941
1678,"Work",855,665,4718093
1679,"Work",605,665,5609478
1680,"Home",366,666,7567464
1681,"Work",125,666,7938432
1682,"Home",390,667,2886212
1683,"Home",469,667,4478000
1684,"Home",374,668,2886001
1685,"Work",10,669,6225273
1686,"Home",604,670,6559341
1687,"Work",301,670,1462731
1688,"Work",146,671,2601052
1689,"Home",720,672,3558595
1690,"Home",948,672,4153314
1691,"Work",887,672,6435210
1692,"Work",759,672,6830513
1693,"Work",107,673,1795889
1694,"Work",235,674,8100933
1695,"Work",201,674,7996565
1696,"Work",807,674,3752354
1697,"Work",774,675,9451790
1698,"Home",791,677,4699455
1699,"Work",2,677,8018753
1700,"Work",479,677,6093277
1701,"Work",676,678,2789610
1702,"Work",959,680,3991077
1703,"Work",126,681,4002720
1704,"Home",937,682,2319147
1705,"Work",103,682,7880921
1706,"Work",714,684,8553678
1707,"Home",485,685,4099085
1708,"Home",683,685,1286858
1709,"Work",435,685,4810480
1710,"Work",773,685,7807436
1711,"Work",327,685,9678364
1712,"Work",565,687,1212366
1713,"Work",262,689,2336416
1714,"Work",468,691,9607950
1715,"Home",827,692,3364421
1716,"Work",579,692,6107221
1717,"Home",889,694,5426583
1718,"Work",102,694,1968569
1719,"Home",538,696,7847980
1720,"Home",449,698,6665675
1721,"Work",493,698,9057989
1722,"Work",847,698,6111794
1723,"Home",758,699,5922201
1724,"Work",507,699,9169933
1725,"Home",440,700,4693191
1726,"Home",327,701,9516627
1727,"Home",164,702,1011841
1728,"Work",852,702,9202292
1729,"Work",471,702,5836644
1730,"Work",195,703,2596055
1731,"Work",340,703,8776527
1732,"Home",476,706,2866061
1733,"Home",552,706,4584328
1734,"Home",377,707,3577631
1735,"Home",508,707,1064739
1736,"Home",304,708,7004378
1737,"Home",523,709,1620392
1738,"Work",334,709,7450219
1739,"Work",782,709,7381738
1740,"Work",385,712,2042142
1741,"Work",663,712,2704972
1742,"Work",531,713,4809106
1743,"Work",216,713,2124104
1744,"Home",709,714,1515616
1745,"Work",571,714,5771869
1746,"Work",4,715,9118841
1747,"Work",48,715,3566425
1748,"Work",824,715,4908705
1749,"Work",380,718,9925788
1750,"Home",193,719,4331940
1751,"Home",126,720,7675395
1752,"Home",69,721,9747317
1753,"Home",294,722,8517661
1754,"Home",537,722,9317082
1755,"Work",865,724,7777402
1756,"Home",109,725,9669431
1757,"Home",373,725,6490235
1758,"Work",534,725,1357813
1759,"Work",895,725,9250587
1760,"Work",955,725,8493877
1761,"Work",899,726,9489688
1762,"Work",944,727,5914194
1763,"Home",117,728,3821377
1764,"Home",384,728,4820392
1765,"Home",873,728,9833433
1766,"Work",113,729,5645716
1767,"Work",783,729,6425024
1768,"Home",360,730,1072205
1769,"Home",431,730,8277962
1770,"Home",545,730,7064982
1771,"Home",940,730,9576065
1772,"Work",144,730,1523265
1773,"Home",270,731,8197090
1774,"Home",694,731,2349537
1775,"Work",211,732,7358158
1776,"Work",341,732,6641953
1777,"Home",938,733,5091047
1778,"Home",606,737,9589439
1779,"Work",124,737,7345439
1780,"Home",78,738,4348751
1781,"Home",249,738,5751532
1782,"Home",337,740,1612202
1783,"Work",634,740,5818838
1784,"Work",209,741,2745179
1785,"Home",32,742,3021759
1786,"Work",496,742,3399060
1787,"Home",713,743,4626487
1788,"Home",30,744,5442543
1789,"Work",489,744,9532520
1790,"Work",733,746,4105130
1791,"Work",433,748,7801052
1792,"Work",817,749,2968636
1793,"Work",925,751,6056734
1794,"Home",851,752,8346762
1795,"Home",917,753,8976727
1796,"Work",909,754,8152133
1797,"Work",135,755,5341340
1798,"Home",517,757,7970053
1799,"Home",65,758,1018619
1800,"Work",533,759,2815716
1801,"Home",88,760,7023529
1802,"Home",950,760,5579463
1803,"Home",82,761,5082579
1804,"Home",747,761,7873129
1805,"Home",541,762,6573787
1806,"Work",708,762,2266419
1807,"Home",774,763,4410092
1808,"Work",833,764,8624579
1809,"Home",56,765,7019463
1810,"Work",335,766,9669973
1811,"Work",598,767,1028784
1812,"Home",110,768,8419661
1813,"Home",273,768,5153346
1814,"Work",447,768,9433582
1815,"Work",767,768,1535458
1816,"Work",705,770,5783527
1817,"Home",213,771,5373767
1818,"Work",349,771,3067181
1819,"Work",926,772,4758322
1820,"Work",941,772,3925742
1821,"Work",745,773,6951138
1822,"Work",452,774,4676424
1823,"Work",84,774,1212397
1824,"Work",457,775,3912049
1825,"Home",799,778,9037321
1826,"Work",123,779,8355111
1827,"Work",739,780,7290513
1828,"Work",538,780,7665194
1829,"Home",875,783,5918077
1830,"Home",932,783,4995995
1831,"Work",589,783,8998456
1832,"Work",829,784,5241493
1833,"Work",703,785,8186829
1834,"Home",370,789,4002515
1835,"Work",566,789,8000107
1836,"Work",878,789,2660855
1837,"Home",11,790,8324539
1838,"Work",117,790,5063204
1839,"Home",388,792,7982012
1840,"Work",462,792,8110958
1841,"Home",174,793,5599408
1842,"Work",872,793,5960425
1843,"Home",556,794,4813272
1844,"Home",319,795,3488410
1845,"Work",115,796,1538520
1846,"Home",795,797,1686816
1847,"Home",260,798,6451435
1848,"Work",886,798,6582702
1849,"Home",93,800,4900502
1850,"Work",721,800,2189724
1851,"Home",226,801,1506562
1852,"Work",70,802,1734188
1853,"Home",17,804,2096009
1854,"Home",95,804,5224722
1855,"Work",550,807,1693416
1856,"Work",296,808,1819129
1857,"Work",820,809,9037313
1858,"Work",892,810,6487739
1859,"Work",51,810,4939449
1860,"Home",12,812,6712569
1861,"Work",142,812,3903319
1862,"Home",499,813,5121295
1863,"Home",379,815,4248560
1864,"Home",769,815,4647708
1865,"Work",280,817,7694012
1866,"Home",782,818,9189740
1867,"Work",596,818,5571124
1868,"Work",76,820,9091852
1869,"Work",635,820,2021804
1870,"Home",152,821,8594219
1871,"Home",677,821,9235298
1872,"Work",599,822,4046599
1873,"Work",786,822,4260682
1874,"Home",735,823,2324278
1875,"Work",171,826,4585115
1876,"Work",473,826,7060583
1877,"Home",929,827,3470145
1878,"Work",512,827,8664417
1879,"Home",216,828,3782541
1880,"Work",611,828,8575737
1881,"Work",779,828,4792638
1882,"Home",926,829,4853783
1883,"Work",141,829,2009897
1884,"Home",526,831,3996098
1885,"Work",562,834,9091478
1886,"Work",526,834,6057974
1887,"Work",352,834,1135525
1888,"Home",688,839,3830122
1889,"Home",123,841,3897758
1890,"Home",580,841,2382109
1891,"Home",888,843,2912521
1892,"Work",548,844,4427505
1893,"Work",519,845,6679320
1894,"Home",190,846,6971049
1895,"Work",540,846,6101635
1896,"Work",644,846,3618738
1897,"Home",50,848,6993800
1898,"Home",637,848,9629031
1899,"Work",266,849,8781350
1900,"Work",458,850,4453974
1901,"Work",715,850,3360262
1902,"Home",837,851,9788586
1903,"Home",1000,851,9554193
1904,"Work",248,851,8107191
1905,"Work",423,852,9899589
1906,"Home",621,853,5469822
1907,"Home",892,853,5205515
1908,"Home",206,854,2885241
1909,"Work",487,855,4601939
1910,"Work",298,855,2528005
1911,"Home",342,857,7077664
1912,"Work",696,859,6939970
1913,"Work",75,860,2126627
1914,"Work",674,861,5276830
1915,"Work",856,861,2122774
1916,"Home",119,862,5802697
1917,"Home",477,863,5030563
1918,"Work",653,863,7198150
1919,"Work",110,864,3309633
1920,"Home",943,865,5777549
1921,"Work",381,866,8058565
1922,"Home",486,868,4268082
1923,"Work",300,868,3940329
1924,"Home",100,870,8851418
1925,"Work",885,871,5255326
1926,"Work",398,871,8033297
1927,"Home",235,873,7639477
1928,"Home",285,873,1231637
1929,"Work",838,873,2323815
1930,"Work",764,877,8195507
1931,"Work",802,878,6488002
1932,"Work",991,878,3319664
1933,"Work",694,879,7971124
1934,"Home",539,880,7239347
1935,"Work",864,880,6389246
1936,"Work",268,881,4472783
1937,"Home",344,883,2424398
1938,"Work",691,883,8231560
1939,"Work",57,885,6142560
1940,"Work",963,885,4587049
1941,"Work",846,886,4996561
1942,"Work",384,887,8021736
1943,"Work",442,888,4635289
1944,"Work",445,889,8409544
1945,"Work",640,890,1169319
1946,"Home",584,892,5382055
1947,"Home",638,893,6134964
1948,"Home",761,893,3258654
1949,"Work",936,893,9691217
1950,"Work",884,894,5070455
1951,"Work",664,895,8923925
1952,"Home",840,897,9946381
1953,"Work",347,897,9249172
1954,"Work",707,897,2895995
1955,"Home",246,898,3114913
1956,"Work",584,898,3616855
1957,"Work",769,901,3283792
1958,"Home",280,902,9750670
1959,"Work",427,903,7238230
1960,"Work",223,904,8479468
1961,"Home",907,906,9623914
1962,"Work",689,906,2873813
1963,"Work",174,906,7643201
1964,"Work",494,907,7925792
1965,"Home",706,908,7931053
1966,"Home",896,908,8919403
1967,"Work",40,909,6577010
1968,"Work",270,909,2154838
1969,"Work",866,909,9742259
1970,"Home",157,910,7273016
1971,"Home",560,910,8136415
1972,"Work",795,911,2654340
1973,"Work",780,911,9099299
1974,"Work",952,911,1359814
1975,"Work",182,912,2527214
1976,"Home",456,913,2901029
1977,"Work",732,913,9068441
1978,"Work",986,914,7858696
1979,"Home",201,915,9090320
1980,"Home",399,915,4175581
1981,"Home",759,916,8742835
1982,"Work",956,916,1202308
1983,"Home",311,917,7303401
1984,"Home",178,918,9171949
1985,"Home",225,919,6081138
1986,"Home",345,919,3231257
1987,"Home",831,920,2758249
1988,"Work",220,920,3294108
1989,"Work",68,920,6356087
1990,"Work",870,920,4308576
1991,"Home",614,922,2403086
1992,"Home",647,922,6003983
1993,"Work",601,922,6563574
1994,"Work",718,922,5982752
1995,"Work",668,924,7878391
1996,"Work",850,925,5433212
1997,"Work",87,926,7085734
1998,"Work",14,927,8248433
1999,"Work",483,927,1599833
2000,"Home",199,928,5858252
2001,"Work",794,928,6798594
2002,"Work",990,929,5456545
2003,"Home",439,931,1659882
2004,"Work",756,932,2578479
2005,"Home",349,934,4219357
2006,"Home",525,934,3579610
2007,"Home",43,935,3978398
2008,"Work",328,935,2214565
2009,"Work",89,935,9719145
2010,"Work",973,935,2802452
2011,"Home",141,936,4708740
2012,"Home",475,937,1352004
2013,"Home",920,937,1538251
2014,"Work",333,938,6947934
2015,"Work",860,938,2741169
2016,"Work",208,939,8578068
2017,"Work",55,940,9161708
2018,"Work",597,940,2832494
2019,"Work",11,941,9506164
2020,"Home",413,942,4629310
2021,"Work",156,943,6585773
2022,"Work",482,944,1466149
2023,"Work",373,945,9562686
2024,"Work",41,946,9692724
2025,"Work",30,948,6448406
2026,"Home",131,950,7359534
2027,"Work",915,950,3159532
2028,"Work",619,951,3076360
2029,"Work",415,951,8459890
2030,"Work",698,951,5580099
2031,"Home",234,952,7027639
2032,"Home",825,953,8904936
2033,"Home",230,954,5912566
2034,"Home",41,955,3321578
2035,"Work",290,955,2587776
2036,"Work",789,955,2546266
2037,"Work",652,955,6876674
2038,"Home",736,957,6913150
2039,"Work",723,957,4697349
2040,"Work",604,958,5207861
2041,"Work",79,958,4465383
2042,"Work",274,958,2214092
2043,"Work",293,958,3141802
2044,"Home",880,959,8519998
2045,"Work",348,959,1186515
2046,"Home",780,961,8147422
2047,"Work",408,962,7698706
2048,"Home",160,963,5295711
2049,"Home",727,963,4688531
2050,"Work",717,963,6183936
2051,"Work",91,967,3954123
2052,"Work",643,969,8231176
2053,"Work",476,970,9880877
2054,"Home",125,971,7245844
2055,"Work",659,972,2457747
2056,"Home",148,974,2026083
2057,"Home",387,974,3551991
2058,"Home",910,974,9373200
2059,"Work",975,974,3988066
2060,"Work",430,975,1863275
2061,"Work",770,975,1513750
2062,"Work",44,976,6258362
2063,"Work",251,976,1662533
2064,"Home",489,977,6639183
2065,"Work",238,978,6587078
2066,"Work",916,978,1402685
2067,"Work",202,979,9412868
2068,"Work",60,979,6707880
2069,"Work",498,982,8049481
2070,"Home",506,986,3735019
2071,"Home",846,986,2679674
2072,"Home",639,988,5821746
2073,"Work",617,990,4863670
2074,"Work",682,992,2798238
2075,"Work",422,992,8953755
2076,"Home",563,993,5798257
2077,"Home",161,994,1998435
2078,"Work",37,994,3999693
2079,"Work",515,994,7611526
2080,"Home",661,995,4876226
2081,"Work",375,995,7181899
2082,"Work",269,996,9851004
2083,"Home",3,998,2394082
2084,"Home",316,998,3663986
2085,"Work",239,998,1024319
2086,"Work",525,998,7639884
2087,"Work",981,998,7075639
2088,"Work",246,999,2361304
2089,"Work",418,999,1622933
